product_key,product_name,category,subcategory,cost,last_sale_date,recency_in_months,product_segment,lifespan,total_orders,total_sales,total_quantity,total_customers,avg_selling_price,avg_order_revenue,avg_monthly_revenue
104,Mountain Bottle Cage,Accessories,Bottles and Cages,4,2014-01-28,132,Mid-Range,13,2025,20340,2034,2004,10.0,10,1564
105,Road Bottle Cage,Accessories,Bottles and Cages,3,2014-01-25,132,Mid-Range,13,1711,15399,1711,1699,9.0,9,1184
106,Mountain-500 Black- 40,Bikes,Mountain Bikes,295,2013-12-13,133,Mid-Range,12,48,25920,48,48,540.0,540,2160
107,Mountain-500 Black- 42,Bikes,Mountain Bikes,295,2013-12-25,133,Mid-Range,11,49,26460,49,49,540.0,540,2405
108,Mountain-500 Black- 44,Bikes,Mountain Bikes,295,2013-12-25,133,Mid-Range,11,58,31320,58,58,540.0,540,2847
109,Mountain-500 Black- 48,Bikes,Mountain Bikes,295,2013-12-26,133,Mid-Range,11,56,30240,56,56,540.0,540,2749
110,Mountain-500 Black- 52,Bikes,Mountain Bikes,295,2013-12-24,133,Mid-Range,11,41,22140,41,41,540.0,540,2012
111,Mountain-500 Silver- 40,Bikes,Mountain Bikes,308,2013-12-26,133,Mid-Range,11,45,25425,45,45,565.0,565,2311
112,Mountain-500 Silver- 42,Bikes,Mountain Bikes,308,2013-12-27,133,Mid-Range,11,45,25425,45,45,565.0,565,2311
113,Mountain-500 Silver- 44,Bikes,Mountain Bikes,308,2013-12-25,133,Mid-Range,12,39,22035,39,39,565.0,565,1836
114,Mountain-500 Silver- 48,Bikes,Mountain Bikes,308,2013-12-27,133,Mid-Range,11,50,28250,50,50,565.0,565,2568
115,Mountain-500 Silver- 52,Bikes,Mountain Bikes,308,2013-12-25,133,Mid-Range,11,48,27120,48,48,565.0,565,2465
116,Mountain-400-W Silver- 38,Bikes,Mountain Bikes,420,2013-12-27,133,High-Performer,11,148,113812,148,148,769.0,769,10346
117,Mountain-400-W Silver- 40,Bikes,Mountain Bikes,420,2013-12-24,133,High-Performer,12,128,98432,128,128,769.0,769,8202
118,Mountain-400-W Silver- 42,Bikes,Mountain Bikes,420,2013-12-27,133,High-Performer,11,129,99201,129,129,769.0,769,9018
119,Mountain-400-W Silver- 46,Bikes,Mountain Bikes,420,2013-12-24,133,High-Performer,11,138,106122,138,138,769.0,769,9647
120,Mountain-200 Black- 38,Bikes,Mountain Bikes,1252,2013-12-28,133,High-Performer,24,581,1292559,581,564,2224.7,2224,53856
121,Mountain-200 Black- 42,Bikes,Mountain Bikes,1252,2013-12-28,133,High-Performer,23,614,1363128,614,604,2220.1,2220,59266
122,Mountain-200 Black- 46,Bikes,Mountain Bikes,1252,2013-12-27,133,High-Performer,24,620,1373454,620,600,2215.2,2215,57227
123,Mountain-200 Silver- 38,Bikes,Mountain Bikes,1266,2013-12-28,133,High-Performer,23,596,1339394,596,583,2247.3,2247,58234
124,Mountain-200 Silver- 42,Bikes,Mountain Bikes,1266,2013-12-28,133,High-Performer,24,560,1257368,560,547,2245.3,2245,52390
125,Mountain-200 Silver- 46,Bikes,Mountain Bikes,1266,2013-12-28,133,High-Performer,23,579,1298709,579,566,2243.0,2243,56465
126,Road-750 Black- 44,Bikes,Road Bikes,344,2013-12-28,133,High-Performer,12,360,194400,360,360,540.0,540,16200
127,Road-750 Black- 48,Bikes,Road Bikes,344,2013-12-28,133,High-Performer,12,363,196020,363,363,540.0,540,16335
128,Road-750 Black- 52,Bikes,Road Bikes,344,2013-12-28,133,High-Performer,12,386,208440,386,386,540.0,540,17370
129,Road-750 Black- 58,Bikes,Road Bikes,344,2013-12-28,133,High-Performer,12,334,180360,334,334,540.0,540,15030
130,Road-550-W Yellow- 38,Bikes,Road Bikes,713,2013-12-26,133,High-Performer,24,270,293760,270,267,1088.0,1088,12240
131,Road-550-W Yellow- 40,Bikes,Road Bikes,713,2013-12-28,133,High-Performer,23,266,289880,266,264,1089.8,1089,12603
132,Road-550-W Yellow- 42,Bikes,Road Bikes,713,2013-12-26,133,High-Performer,24,306,334440,306,303,1092.9,1092,13935
133,Road-550-W Yellow- 44,Bikes,Road Bikes,713,2013-12-27,133,High-Performer,23,287,312200,287,286,1087.8,1087,13573
134,Road-550-W Yellow- 48,Bikes,Road Bikes,713,2013-12-27,133,High-Performer,22,261,283680,261,258,1086.9,1086,12894
135,Road-350-W Yellow- 40,Bikes,Road Bikes,1083,2013-12-27,133,High-Performer,12,246,418446,246,246,1701.0,1701,34870
136,Road-350-W Yellow- 42,Bikes,Road Bikes,1083,2013-12-27,133,High-Performer,12,235,399735,235,235,1701.0,1701,33311
137,Road-350-W Yellow- 44,Bikes,Road Bikes,1083,2013-12-27,133,High-Performer,11,216,367416,216,216,1701.0,1701,33401
138,Road-350-W Yellow- 48,Bikes,Road Bikes,1083,2013-12-25,133,High-Performer,12,232,394632,232,232,1701.0,1701,32886
139,Road-250 Black- 44,Bikes,Road Bikes,1555,2013-12-27,133,High-Performer,24,271,628384,271,266,2318.8,2318,26182
140,Road-250 Black- 48,Bikes,Road Bikes,1555,2013-12-28,133,High-Performer,23,298,691213,298,289,2319.5,2319,30052
141,Road-250 Black- 52,Bikes,Road Bikes,1555,2013-12-25,133,High-Performer,24,319,734425,319,312,2302.3,2302,30601
142,Road-250 Black- 58,Bikes,Road Bikes,1555,2013-12-26,133,High-Performer,24,270,622026,270,265,2303.8,2303,25917
143,Road-250 Red- 58,Bikes,Road Bikes,1555,2013-12-27,133,High-Performer,24,306,702666,306,301,2296.3,2296,29277
144,Touring-3000 Blue- 44,Bikes,Touring Bikes,461,2013-12-28,133,Mid-Range,11,53,39326,53,53,742.0,742,3575
145,Touring-3000 Blue- 50,Bikes,Touring Bikes,461,2013-12-23,133,Mid-Range,11,48,35616,48,48,742.0,742,3237
146,Touring-3000 Blue- 54,Bikes,Touring Bikes,461,2013-12-17,133,Mid-Range,12,55,40810,55,55,742.0,742,3400
147,Touring-3000 Blue- 58,Bikes,Touring Bikes,461,2013-12-27,133,Mid-Range,11,57,42294,57,57,742.0,742,3844
148,Touring-3000 Blue- 62,Bikes,Touring Bikes,461,2013-12-23,133,Mid-Range,11,64,47488,64,64,742.0,742,4317
149,Touring-3000 Yellow- 44,Bikes,Touring Bikes,461,2013-12-28,133,Mid-Range,11,59,43778,59,59,742.0,742,3979
150,Touring-3000 Yellow- 50,Bikes,Touring Bikes,461,2013-12-27,133,Mid-Range,11,59,43778,59,59,742.0,742,3979
151,Touring-3000 Yellow- 54,Bikes,Touring Bikes,461,2013-12-09,133,Mid-Range,11,48,35616,48,48,742.0,742,3237
152,Touring-3000 Yellow- 58,Bikes,Touring Bikes,461,2013-12-27,133,Mid-Range,12,47,34874,47,47,742.0,742,2906
153,Touring-3000 Yellow- 62,Bikes,Touring Bikes,461,2013-12-26,133,Mid-Range,11,50,37100,50,50,742.0,742,3372
154,Touring-2000 Blue- 46,Bikes,Touring Bikes,755,2013-12-27,133,High-Performer,12,97,117855,97,97,1215.0,1215,9821
155,Touring-2000 Blue- 50,Bikes,Touring Bikes,755,2013-12-27,133,High-Performer,12,106,128790,106,106,1215.0,1215,10732
156,Touring-2000 Blue- 54,Bikes,Touring Bikes,755,2013-12-28,133,High-Performer,11,88,106920,88,88,1215.0,1215,9720
157,Touring-2000 Blue- 60,Bikes,Touring Bikes,755,2013-12-28,133,High-Performer,12,81,98415,81,81,1215.0,1215,8201
158,Touring-1000 Blue- 46,Bikes,Touring Bikes,1482,2013-12-23,133,High-Performer,12,177,421968,177,177,2384.0,2384,35164
159,Touring-1000 Blue- 50,Bikes,Touring Bikes,1482,2013-12-28,133,High-Performer,12,150,357600,150,150,2384.0,2384,29800
160,Touring-1000 Blue- 54,Bikes,Touring Bikes,1482,2013-12-27,133,High-Performer,11,160,381440,160,160,2384.0,2384,34676
161,Touring-1000 Blue- 60,Bikes,Touring Bikes,1482,2013-12-27,133,High-Performer,12,147,350448,147,147,2384.0,2384,29204
162,Touring-1000 Yellow- 46,Bikes,Touring Bikes,1482,2013-12-28,133,High-Performer,11,172,410048,172,170,2384.0,2384,37277
163,Touring-1000 Yellow- 50,Bikes,Touring Bikes,1482,2013-12-23,133,High-Performer,12,151,359984,151,150,2384.0,2384,29998
164,Touring-1000 Yellow- 54,Bikes,Touring Bikes,1482,2013-12-27,133,High-Performer,11,158,376672,158,158,2384.0,2384,34242
165,Touring-1000 Yellow- 60,Bikes,Touring Bikes,1482,2013-12-23,133,High-Performer,11,140,333760,140,140,2384.0,2384,30341
166,AWC Logo Cap,Clothing,Caps,7,2014-01-28,132,Mid-Range,13,2190,19710,2190,2132,9.0,9,1516
168,Bike Wash - Dissolver,Accessories,Cleaners,3,2014-01-28,132,Low-Performer,12,908,7272,909,875,8.0,8,606
174,Fender Set - Mountain,Accessories,Fenders,8,2014-01-28,132,Mid-Range,13,2121,46662,2121,2110,22.0,22,3589
233,Half-Finger Gloves- L,Clothing,Gloves,9,2014-01-28,132,Mid-Range,13,443,10632,443,437,24.0,24,817
234,Half-Finger Gloves- M,Clothing,Gloves,9,2014-01-28,132,Mid-Range,13,499,11976,499,488,24.0,24,921
235,Half-Finger Gloves- S,Clothing,Gloves,9,2014-01-25,132,Mid-Range,13,487,11688,487,478,24.0,24,899
244,Sport-100 Helmet- Black,Accessories,Helmets,13,2014-01-28,132,High-Performer,13,2085,72975,2085,2024,35.0,35,5613
245,Sport-100 Helmet- Blue,Accessories,Helmets,13,2014-01-28,132,High-Performer,13,2124,74375,2125,2049,35.0,35,5721
246,Sport-100 Helmet- Red,Accessories,Helmets,13,2014-01-28,132,High-Performer,13,2230,78050,2230,2147,35.0,35,6003
247,Hydration Pack - 70 oz.,Accessories,Hydration Packs,21,2014-01-28,132,Mid-Range,13,733,40315,733,719,55.0,55,3101
248,Long-Sleeve Logo Jersey- L,Clothing,Jerseys,38,2014-01-28,132,Mid-Range,13,452,22650,453,449,50.0,50,1742
249,Long-Sleeve Logo Jersey- M,Clothing,Jerseys,38,2014-01-28,132,Mid-Range,13,442,22100,442,436,50.0,50,1700
250,Long-Sleeve Logo Jersey- S,Clothing,Jerseys,38,2014-01-28,132,Mid-Range,12,429,21450,429,426,50.0,50,1787
251,Long-Sleeve Logo Jersey- XL,Clothing,Jerseys,38,2014-01-28,132,Mid-Range,12,413,20700,414,409,50.0,50,1725
259,Patch Kit/8 Patches,Accessories,Tires and Tubes,1,2014-01-28,132,Low-Performer,13,3189,6378,3189,2948,2.0,2,490
260,Hitch Rack - 4-Bike,Accessories,Bike Racks,45,2014-01-28,132,Mid-Range,12,327,39240,327,324,120.0,120,3270
272,Women's Mountain Shorts- L,Clothing,Shorts,26,2014-01-28,132,Mid-Range,12,363,25410,363,363,70.0,70,2117
273,Women's Mountain Shorts- M,Clothing,Shorts,26,2014-01-26,132,Mid-Range,12,352,24640,352,352,70.0,70,2053
274,Women's Mountain Shorts- S,Clothing,Shorts,26,2014-01-28,132,Mid-Range,12,304,21280,304,304,70.0,70,1773
275,Short-Sleeve Classic Jersey- L,Clothing,Jerseys,42,2014-01-26,132,Mid-Range,13,374,20196,374,372,54.0,54,1553
276,Short-Sleeve Classic Jersey- M,Clothing,Jerseys,42,2014-01-27,132,Mid-Range,13,407,21978,407,404,54.0,54,1690
277,Short-Sleeve Classic Jersey- S,Clothing,Jerseys,42,2014-01-28,132,Mid-Range,13,406,21924,406,402,54.0,54,1686
278,Short-Sleeve Classic Jersey- XL,Clothing,Jerseys,42,2014-01-28,132,Mid-Range,12,409,22086,409,405,54.0,54,1840
279,Racing Socks- L,Clothing,Socks,3,2014-01-27,132,Low-Performer,13,270,2430,270,269,9.0,9,186
280,Racing Socks- M,Clothing,Socks,3,2014-01-28,132,Low-Performer,12,298,2682,298,295,9.0,9,223
281,All-Purpose Bike Stand,Accessories,Bike Stands,59,2014-01-28,132,Mid-Range,13,249,39591,249,243,159.0,159,3045
282,LL Mountain Tire,Accessories,Tires and Tubes,9,2014-01-28,132,Mid-Range,12,860,21550,862,828,25.0,25,1795
283,ML Mountain Tire,Accessories,Tires and Tubes,11,2014-01-28,132,Mid-Range,13,1160,34800,1160,1160,30.0,30,2676
284,HL Mountain Tire,Accessories,Tires and Tubes,13,2014-01-28,132,Mid-Range,13,1395,48860,1396,1395,35.0,35,3758
285,LL Road Tire,Accessories,Tires and Tubes,8,2014-01-28,132,Mid-Range,13,1043,21903,1043,1029,21.0,21,1684
286,ML Road Tire,Accessories,Tires and Tubes,9,2014-01-28,132,Mid-Range,13,925,23125,925,890,25.0,25,1778
287,HL Road Tire,Accessories,Tires and Tubes,12,2014-01-28,132,Mid-Range,13,858,28314,858,820,33.0,33,2178
288,Touring Tire,Accessories,Tires and Tubes,11,2014-01-25,132,Mid-Range,13,935,27115,935,920,29.0,29,2085
289,Mountain Tire Tube,Accessories,Tires and Tubes,2,2014-01-28,132,Mid-Range,13,3092,15465,3093,2958,5.0,5,1189
290,Road Tire Tube,Accessories,Tires and Tubes,1,2014-01-28,132,Low-Performer,13,2375,9500,2375,2225,4.0,4,730
291,Touring Tire Tube,Accessories,Tires and Tubes,2,2014-01-28,132,Low-Performer,13,1487,7435,1487,1410,5.0,5,571
292,Classic Vest- L,Clothing,Vests,24,2014-01-28,132,Mid-Range,12,195,12480,195,195,64.0,64,1040
293,Classic Vest- M,Clothing,Vests,24,2014-01-27,132,Mid-Range,12,199,12736,199,199,64.0,64,1061
294,Classic Vest- S,Clothing,Vests,24,2014-01-28,132,Mid-Range,13,168,10944,171,168,64.0,65,841
295,Water Bottle - 30 oz.,Accessories,Bottles and Cages,2,2014-01-28,132,Mid-Range,13,4244,21245,4249,4073,5.0,5,1634
